Rk,Player,Age,Tm,Pos,GP,G,A,PTS,+/-,PIM,EV,PP,SH,GW,S,S%,TOI,ATOI
1,Justin Abdelkader,21,DET,LW,2,0,0,0,0,0,0,0,0,0,2,0.0,19,9:18
2,Craig Adams,31,TOT,RW,45,2,5,7,-3,22,1,1,0,0,47,4.3,391,8:41
3,Maxim Afinogenov,29,BUF,RW,48,6,14,20,-7,20,6,0,0,0,93,6.5,605,12:36
4,Andrew Alberts,27,PHI,D,79,1,12,13,6,61,1,0,0,0,46,2.2,1248,15:48
5,Daniel Alfredsson,36,OTT,RW,79,24,50,74,7,24,15,8,1,3,204,11.8,1649,20:53
6,Bryan Allen,28,FLA,D,2,0,1,1,2,0,0,0,0,0,5,0.0,54,27:11
7,Karl Alzner,20,WSH,D,30,1,4,5,-1,2,1,0,0,0,31,3.2,583,19:25
8,Artem Anisimov,20,NYR,C,1,0,0,0,0,0,0,0,0,0,1,0.0,9,9:27
9,Nik Antropov,28,TOT,C,81,28,31,59,-14,30,20,8,0,4,224,12.5,1392,17:11
10,Colby Armstrong,26,ATL,RW,82,22,18,40,5,75,19,3,0,2,141,15.6,1243,15:09
11,Derek Armstrong,35,LAK,C,56,5,4,9,-11,63,4,1,0,1,42,11.9,475,8:29
12,Riley Armstrong,24,SJS,RW,2,0,0,0,-1,2,0,0,0,0,1,0.0,15,7:26
13,Tyler Arnason,29,COL,C,71,5,17,22,-16,14,3,2,0,1,108,4.6,945,13:19
14,Jason Arnott,34,NSH,C,65,33,24,57,2,49,24,9,0,5,196,16.8,1229,18:55
15,Evgeny Artyukhin,25,TBL,RW,73,6,10,16,1,151,5,1,0,0,100,6.0,779,10:40
16,Arron Asham,30,PHI,RW,78,8,12,20,0,155,8,0,0,1,74,10.8,682,8:45
17,Adrian Aucoin,35,CGY,D,81,10,24,34,-8,46,7,3,0,3,126,7.9,1806,22:18
18,Keith Aucoin,30,WSH,C,12,2,4,6,5,4,1,1,0,0,15,13.3,124,10:19
19,Sean Avery,28,TOT,C,41,8,14,22,6,111,6,2,0,0,99,8.1,646,15:45
20,P.J. Axelsson,33,BOS,LW,75,6,24,30,-1,16,4,2,0,0,87,6.9,1217,16:14
21,Anton Babchuk,24,CAR,D,72,16,19,35,13,16,7,9,0,4,127,12.6,1301,18:04
22,David Backes,24,STL,C,82,31,23,54,-3,165,23,6,2,1,208,14.9,1451,17:41
23,Mikael Backlund,19,CGY,C,1,0,0,0,0,0,0,0,0,0,1,0.0,11,10:44
24,Christian Backman,28,CBJ,D,56,2,5,7,5,32,1,1,0,1,54,3.7,877,15:39
25,Nicklas Backstrom,21,WSH,C,82,22,66,88,16,46,8,14,0,1,174,12.6,1635,19:57
26,Josh Bailey,19,NYI,C,68,7,18,25,-14,16,4,3,0,0,74,9.5,1053,15:29
27,Keith Ballard,26,FLA,D,82,6,28,34,14,72,5,1,0,1,106,5.7,1835,22:23
28,Krys Barch,28,DAL,RW,72,4,5,9,1,133,4,0,0,1,27,14.8,465,6:27
29,Cam Barker,22,CHI,D,68,6,34,40,-6,65,1,5,0,1,101,5.9,1247,18:20
30,Cody Bass,22,OTT,C,12,0,0,0,-2,15,0,0,0,0,5,0.0,68,5:41
31,Ryan Bayda,28,CAR,LW,70,5,7,12,2,26,5,0,0,0,62,8.1,732,10:27
32,Jay Beagle,23,WSH,RW,3,0,0,0,-3,2,0,0,0,0,5,0.0,23,7:36
33,Francois Beauchemin,28,ANA,D,20,4,1,5,-3,12,4,0,0,2,45,8.9,498,24:54
34,Steve Begin,30,TOT,C,62,7,5,12,-6,42,7,0,0,1,90,7.8,665,10:43
35,Wade Belak,32,TOT,RW,53,0,2,2,-1,79,0,0,0,0,19,0.0,278,5:15
36,Eric Belanger,31,MIN,C,79,13,23,36,-5,26,9,4,0,4,147,8.8,1409,17:50
37,Matt Beleskey,20,ANA,LW,2,0,0,0,0,0,0,0,0,0,0,,22,11:10
38,Brendan Bell,25,OTT,D,53,6,15,21,-5,24,1,5,0,1,76,7.9,940,17:44
39,Sean Bentivoglio,23,NYI,LW,1,0,0,0,0,2,0,0,0,0,2,0.0,12,11:31
40,Sean Bergenheim,24,NYI,LW,59,15,9,24,-2,64,11,0,4,5,152,9.9,841,14:15
41,Marc-Andre Bergeron,28,MIN,D,72,14,18,32,5,30,7,7,0,3,140,10.0,1217,16:54
42,Patrice Bergeron,23,BOS,C,64,8,31,39,2,16,6,1,1,1,155,5.2,1151,17:59
43,Niclas Bergfors,21,NJD,RW,8,1,0,1,-1,0,1,0,0,0,6,16.7,46,5:48
44,Patrik Berglund,20,STL,C,76,21,26,47,19,16,14,7,0,1,143,14.7,1119,14:43
344,Jonas Junland,21,STL,D,1,0,0,0,0,2,0,0,0,0,0,,12,12:28
345,Milan Jurcina,25,WSH,D,79,3,11,14,1,68,3,0,0,1,95,3.2,1276,16:09
346,Frantisek Kaberle,35,CAR,D,30,1,7,8,-4,8,0,1,0,0,28,3.6,422,14:03
347,Tomas Kaberle,30,TOR,D,57,4,27,31,-8,8,1,3,0,1,93,4.3,1337,23:28
348,Patrick Kaleta,22,BUF,RW,51,4,5,9,1,89,4,0,0,0,35,11.4,455,8:55
349,Dmitri Kalinin,28,TOT,D,73,2,15,17,-9,32,1,1,0,0,67,3.0,1290,17:40
350,Jon Kalinski,21,PHI,LW,12,1,2,3,-2,0,1,0,0,1,7,14.3,91,7:37
351,Boyd Kane,30,PHI,LW,1,0,0,0,0,0,0,0,0,0,0,,8,8:12
352,Patrick Kane,20,CHI,RW,80,25,45,70,-2,42,12,13,0,4,254,9.8,1493,18:40
353,Paul Kariya,34,STL,LW,11,2,13,15,1,2,2,0,0,0,31,6.5,199,18:06
354,Martins Karsums,22,TOT,RW,24,1,5,6,-8,6,1,0,0,0,28,3.6,269,11:11
355,Lukas Kaspar,23,SJS,RW,13,2,2,4,0,8,2,0,0,1,14,14.3,119,9:08
356,Duncan Keith,25,CHI,D,77,8,36,44,33,60,5,2,1,1,173,4.6,1969,25:34
357,Chris Kelly,28,OTT,C/LW,82,12,11,23,-10,38,11,0,1,1,118,10.2,1279,15:36
358,Tim Kennedy,22,BUF,LW,1,0,0,0,0,0,0,0,0,0,1,0.0,11,11:04
359,Tyler Kennedy,22,PIT,C,67,15,20,35,15,30,15,0,0,3,171,8.8,923,13:46
360,Ryan Kesler,24,VAN,C,82,26,33,59,8,61,14,10,2,2,179,14.5,1596,19:28
361,Phil Kessel,21,BOS,C,70,36,24,60,23,16,28,8,0,6,232,15.5,1159,16:34
362,D.J. King,25,STL,C,1,0,1,1,0,0,0,0,0,0,0,,8,8:20
363,Geoff Kinrade,23,TBL,D,1,0,0,0,-1,0,0,0,0,0,1,0.0,18,17:32
364,Ken Klee,37,TOT,D,71,1,10,11,9,28,1,0,0,0,51,2.0,1096,15:26
365,Kevin Klein,24,NSH,D,63,4,8,12,-2,19,3,1,0,0,41,9.8,798,12:40
366,Rostislav Klesla,26,CBJ,D,34,1,8,9,2,38,1,0,0,0,30,3.3,713,20:59
367,Mike Knuble,36,PHI,RW,82,27,20,47,5,62,16,11,0,6,173,15.6,1490,18:10
368,Chuck Kobasew,26,BOS,C,68,21,21,42,5,56,15,6,0,3,129,16.3,999,14:41
369,David Koci,27,TOT,LW,37,1,1,2,1,141,1,0,0,0,13,7.7,220,5:57
370,Ville Koistinen,26,NSH,D,38,3,8,11,0,14,2,1,0,2,42,7.1,559,14:42
371,Mikko Koivu,25,MIN,C,79,20,47,67,2,66,11,5,4,3,236,8.5,1697,21:29
372,Saku Koivu,34,MTL,C,65,16,34,50,4,44,11,5,0,5,123,13.0,1108,17:03
373,Krys Kolanos,27,MIN,C,21,3,3,6,3,16,2,1,0,0,30,10.0,223,10:36
374,Mike Komisarek,27,MTL,D,66,2,9,11,0,121,2,0,0,0,56,3.6,1361,20:37
375,Zenon Konopka,28,TBL,C,7,0,1,1,-1,29,0,0,0,0,6,0.0,49,7:01
376,Tomas Kopecky,26,DET,C,79,6,13,19,-7,46,4,1,1,2,110,5.5,823,10:25
377,Anze Kopitar,21,LAK,C,82,27,39,66,-17,32,19,7,1,3,234,11.5,1677,20:27
378,Lauri Korpikoski,22,NYR,LW,68,6,8,14,-10,14,6,0,0,1,63,9.5,742,10:55
379,Andrei Kostitsyn,23,MTL,LW,74,23,18,41,-7,50,17,6,0,2,169,13.6,1154,15:35
380,Sergei Kostitsyn,21,MTL,LW,56,8,15,23,-3,64,3,5,0,1,74,10.8,792,14:08
381,Tom Kostopoulos,30,MTL,RW,78,8,14,22,-1,106,7,0,1,0,121,6.6,1103,14:09
382,Ales Kotalik,30,TOT,RW,75,20,23,43,-5,34,11,9,0,1,208,9.6,1159,15:27
383,Ilya Kovalchuk,25,ATL,LW,79,43,48,91,-12,50,31,12,0,6,275,15.6,1723,21:48
384,Alex Kovalev,35,MTL,RW,78,26,39,65,-5,74,14,11,1,4,209,12.4,1515,19:26
385,Viktor Kozlov,33,WSH,C,67,13,28,41,-9,16,11,2,0,0,153,8.5,1050,15:40
386,Vyacheslav Kozlov,36,ATL,LW,82,26,50,76,-14,44,14,12,0,3,165,15.8,1413,17:14
387,Lukas Krajicek,25,TBL,D,71,2,17,19,-8,48,2,0,0,0,66,3.0,1393,19:37
388,David Krejci,22,BOS,C,82,22,51,73,37,26,15,5,2,6,146,15.1,1382,16:52
389,Kamil Kreps,24,FLA,C,66,4,15,19,2,18,3,0,1,1,77,5.2,922,13:58
390,Jason Krog,33,VAN,C,4,1,0,1,0,2,0,1,0,0,5,20.0,41,10:14
391,Niklas Kronwall,28,DET,D,80,6,45,51,2,50,2,4,0,1,121,5.0,1832,22:54
392,Staffan Kronwall,26,WSH,D,3,0,0,0,-1,0,0,0,0,0,4,0.0,40,13:13
393,Filip Kuba,32,OTT,D,71,3,37,40,4,28,1,2,0,0,111,2.7,1653,23:17
394,Pavel Kubina,31,TOR,D,82,14,26,40,-15,94,5,9,0,4,184,7.6,1808,22:03
395,Lasse Kukkonen,27,PHI,D,22,0,2,2,-2,10,0,0,0,0,10,0.0,236,10:43
396,Nikolai Kulemin,22,TOR,W,73,15,16,31,-8,18,13,2,0,1,129,11.6,1008,13:48
397,Chris Kunitz,29,TOT,LW,82,23,30,53,12,71,17,6,0,3,178,12.9,1348,16:26
398,Dan LaCouture,31,CAR,LW,11,2,0,2,-1,10,2,0,0,1,4,50.0,47,4:16
399,Andrew Ladd,23,CHI,LW,82,15,34,49,26,28,15,0,0,2,195,7.7,1180,14:24
400,Brooks Laich,25,WSH,C,82,23,30,53,-1,31,13,9,1,3,185,12.4,1417,17:17
401,Quintin Laing,29,WSH,LW,1,0,0,0,1,0,0,0,0,0,2,0.0,10,10:19
402,Robert Lang,38,MTL,C,50,18,21,39,6,36,9,8,1,3,101,17.8,844,16:53
403,Jamie Langenbrunner,33,NJD,RW,81,29,40,69,25,56,20,6,3,7,229,12.7,1466,18:06
404,Daymond Langkow,32,CGY,C,73,21,28,49,1,20,17,4,0,3,161,13.0,1255,17:11
405,Ian Laperriere,35,COL,RW,74,7,12,19,0,163,7,0,0,0,61,11.5,1024,13:50
406,Maxim Lapierre,23,MTL,C,79,15,13,28,9,76,12,1,2,2,165,9.1,1169,14:48
407,Georges Laraque,32,MTL,RW,33,0,2,2,-6,61,0,0,0,0,15,0.0,252,7:39
584,Ville Peltonen,35,FLA,LW,79,12,19,31,6,31,12,0,0,1,121,9.9,1205,15:15
585,Dustin Penner,26,EDM,LW,78,17,20,37,7,61,12,5,0,5,137,12.4,1200,15:23
586,Joel Perrault,25,PHX,C,7,2,1,3,2,4,2,0,0,0,15,13.3,90,12:52
587,Eric Perrin,33,ATL,C,78,7,16,23,-2,36,5,1,1,0,109,6.4,1106,14:11
588,David Perron,20,STL,LW,81,15,35,50,13,50,11,4,0,3,161,9.3,1177,14:32
589,Corey Perry,23,ANA,RW,78,32,40,72,10,109,22,10,0,8,283,11.3,1451,18:36
590,Janne Pesonen,26,PIT,LW,7,0,0,0,-3,0,0,0,0,0,3,0.0,52,7:27
591,Andrew Peters,28,BUF,LW,28,0,1,1,-2,81,0,0,0,0,10,0.0,113,4:01
592,Warren Peters,26,CGY,C,16,1,0,1,-2,12,1,0,0,0,13,7.7,113,7:05
593,Toby Petersen,30,DAL,C,57,4,7,11,1,14,4,0,0,0,80,5.0,651,11:25
594,Richard Petiot,26,TBL,D,11,0,3,3,5,21,0,0,0,0,10,0.0,227,20:37
595,Jakub Petruzalek,23,CAR,C/RW,2,0,1,1,1,0,0,0,0,0,0,,16,8:05
596,Matt Pettinger,28,TBL,LW,59,8,7,15,-14,24,6,2,0,1,82,9.8,727,12:19
597,Rich Peverley,26,TOT,C,66,15,29,44,13,33,12,2,1,5,117,12.8,1062,16:05
598,Dion Phaneuf,23,CGY,D,80,11,36,47,-11,100,7,4,0,4,277,4.0,2122,26:32
599,Chris Phillips,30,OTT,D,82,6,16,22,-14,66,5,0,1,0,88,6.8,1793,21:52
600,Alexandre Picard,23,CBJ,LW,15,0,1,1,-1,26,0,0,0,0,10,0.0,103,6:53
601,Alexandre Picard,23,OTT,D,47,6,8,14,-2,8,0,6,0,1,72,8.3,887,18:52
602,Alex Pietrangelo,19,STL,D,8,0,1,1,0,2,0,0,0,0,7,0.0,132,16:31
603,Antti Pihlstrom,24,NSH,LW,53,2,5,7,-1,10,1,1,0,0,88,2.3,607,11:27
604,Fernando Pisani,32,EDM,RW,38,7,8,15,-1,14,7,0,0,0,72,9.7,582,15:19
605,Joni Pitkanen,25,CAR,D,71,7,26,33,11,58,5,2,0,3,147,4.8,1761,24:48
606,Tomas Plekanec,26,MTL,LW,80,20,19,39,-9,54,11,6,3,2,202,9.9,1380,17:15
607,Tomas Plihal,25,SJS,C,64,5,8,13,-4,22,4,0,1,1,79,6.3,649,10:08
608,Thomas Pock,27,NYI,D,59,1,2,3,-17,35,1,0,0,0,51,2.0,750,12:42
609,Roman Polak,22,STL,D,69,1,14,15,-15,45,1,0,0,1,73,1.4,1486,21:32
610,Jason Pominville,26,BUF,RW,82,20,46,66,-4,18,13,6,1,2,239,8.4,1620,19:46
611,Alexei Ponikarovsky,28,TOR,LW,82,23,38,61,6,38,18,5,0,3,185,12.4,1294,15:47
612,Chris Porter,24,STL,C,6,1,1,2,-1,0,1,0,0,0,7,14.3,63,10:32
613,Kevin Porter,22,PHX,LW,34,5,5,10,-2,4,4,1,0,2,39,12.8,463,13:38
614,Brian Pothier,31,WSH,D,9,1,2,3,0,4,1,0,0,1,8,12.5,149,16:35
615,Tom Poti,31,WSH,D,52,3,10,13,3,28,3,0,0,1,48,6.3,1100,21:09
616,Corey Potter,25,NYR,D,5,1,1,2,-1,0,1,0,0,0,4,25.0,66,13:15
617,Ryan Potulny,24,EDM,C,8,0,3,3,2,0,0,0,0,0,9,0.0,84,10:29
618,Benoit Pouliot,22,MIN,LW,37,5,6,11,1,18,3,2,0,1,34,14.7,438,11:51
619,Marc Pouliot,23,EDM,C,63,8,12,20,1,23,8,0,0,2,94,8.5,725,11:30
620,Darroll Powe,23,PHI,LW,60,6,5,11,-8,35,6,0,0,0,72,8.3,632,10:32
621,Tom Preissing,30,LAK,D,22,3,4,7,-7,6,1,2,0,0,40,7.5,368,16:45
622,Wayne Primeau,32,CGY,C,24,0,4,4,-3,14,0,0,0,0,22,0.0,249,10:23
623,Chris Pronger,34,ANA,D,82,11,37,48,0,88,7,4,0,2,196,5.6,2209,26:56
624,Vinny Prospal,33,TBL,C,82,19,26,45,-20,52,12,7,0,2,194,9.8,1450,17:41
625,Petr Prucha,26,TOT,RW,47,6,13,19,-1,22,5,1,0,1,67,9.0,690,14:41
626,Brandon Prust,24,TOT,C/LW,36,1,2,3,-8,108,1,0,0,1,23,4.3,269,7:28
627,Teddy Purcell,23,LAK,RW,40,4,12,16,-4,4,2,2,0,1,68,5.9,541,13:31
628,Taylor Pyatt,27,VAN,LW,69,10,9,19,0,43,10,0,0,1,99,10.1,1015,14:43
629,Kevin Quick,20,TBL,D,6,0,1,1,0,0,0,0,0,0,7,0.0,80,13:23
630,Kyle Quincey,23,LAK,D,72,4,34,38,-5,63,2,2,0,2,150,2.7,1511,20:59
631,Nate Raduns,24,PHI,RW,1,0,0,0,0,0,0,0,0,0,0,,6,6:02
632,Brian Rafalski,35,DET,D,78,10,49,59,17,20,5,5,0,1,141,7.1,1808,23:10
633,Paul Ranger,24,TBL,D,42,2,11,13,-5,56,2,0,0,0,69,2.9,1029,24:30
634,Mason Raymond,23,VAN,LW,72,11,12,23,2,24,7,4,0,0,145,7.6,987,13:43
635,Marty Reasoner,31,ATL,C,79,14,16,30,11,36,13,0,1,2,131,10.7,1209,15:19
636,Mark Recchi,40,TOT,RW,80,23,38,61,-18,22,17,6,0,3,129,17.8,1342,16:46
637,Joel Rechlicz,21,NYI,RW,17,0,1,1,-1,68,0,0,0,0,7,0.0,83,4:52
638,Wade Redden,31,NYR,D,81,3,23,26,-5,51,1,2,0,0,161,1.9,1809,22:20
639,Liam Reddox,23,EDM,LW,46,5,7,12,-6,10,4,1,0,0,39,12.8,482,10:28
640,Robyn Regehr,28,CGY,D,75,0,8,8,10,73,0,0,0,0,79,0.0,1586,21:09
753,Alex Steen,24,TOT,C,81,8,20,28,-10,30,4,3,1,0,148,5.4,1323,16:20
754,Lee Stempniak,25,TOT,RW,75,14,30,44,-12,33,11,3,0,1,171,8.2,1240,16:32
755,Brett Sterling,24,ATL,LW,6,1,0,1,-3,2,1,0,0,0,11,9.1,83,13:53
756,Anthony Stewart,24,FLA,C,59,2,5,7,-6,34,2,0,0,0,56,3.6,451,7:39
757,Chris Stewart,21,COL,RW,53,11,8,19,-18,54,9,1,1,1,98,11.2,653,12:20
758,Greg Stewart,22,MTL,LW,20,0,1,1,-4,32,0,0,0,0,16,0.0,172,8:37
759,Cory Stillman,35,FLA,LW,63,17,32,49,1,37,9,8,0,2,115,14.8,1045,16:35
760,Jarret Stoll,26,LAK,C,74,18,23,41,-7,68,8,10,0,1,155,11.6,1264,17:05
761,Ryan Stone,23,PIT,C,2,0,0,0,1,2,0,0,0,0,5,0.0,21,10:20
762,Zack Stortini,23,EDM,RW,52,6,5,11,-3,181,6,0,0,0,23,26.1,379,7:17
763,Tyson Strachan,24,STL,D,30,0,3,3,8,39,0,0,0,0,21,0.0,403,13:26
764,Anton Stralman,22,TOR,D,38,1,12,13,-2,20,1,0,0,1,43,2.3,592,15:34
765,Mark Streit,31,NYI,D,74,16,40,56,5,62,5,10,1,1,150,10.7,1866,25:13
766,Jason Strudwick,33,EDM,D,71,2,7,9,-4,60,2,0,0,0,32,6.3,896,12:38
767,Brad Stuart,29,DET,D,67,2,13,15,-3,26,1,1,0,0,105,1.9,1355,20:13
768,Colin Stuart,26,ATL,LW,33,5,3,8,3,18,2,0,3,0,54,9.3,412,12:29
769,Mark Stuart,24,BOS,D,82,5,12,17,20,76,5,0,0,1,61,8.2,1264,15:25
770,Marco Sturm,30,BOS,LW,19,7,6,13,9,8,3,4,0,0,45,15.6,304,16:01
771,Steve Sullivan,34,NSH,RW,41,11,21,32,2,30,8,3,0,2,83,13.3,758,18:29
772,Alexander Sulzer,24,NSH,D,2,0,0,0,0,0,0,0,0,0,0,,13,6:34
773,Mats Sundin,37,VAN,C,41,9,19,28,-5,28,4,5,0,2,84,10.7,691,16:51
774,Ryan Suter,24,NSH,D,82,7,38,45,-16,73,4,3,0,3,143,4.9,1989,24:16
775,Brian Sutherby,26,TOT,C,59,8,7,15,1,71,7,0,1,0,67,11.9,644,10:55
776,Brandon Sutter,19,CAR,C/RW,50,1,5,6,-1,16,1,0,0,0,57,1.8,441,8:50
777,Brett Sutter,21,CGY,C/LW,4,1,0,1,-2,2,1,0,0,0,6,16.7,32,8:04
778,Andy Sutton,33,NYI,D,23,2,8,10,3,40,2,0,0,0,19,10.5,465,20:14
779,Marek Svatos,26,COL,RW,69,14,20,34,-6,34,8,6,0,1,140,10.0,904,13:06
780,Darryl Sydor,36,TOT,D,73,3,12,15,3,18,3,0,0,0,73,4.1,1330,18:13
781,Petr Sykora,32,PIT,RW,76,25,21,46,3,36,12,13,0,10,180,13.9,1238,16:17
782,Danny Syvret,23,PHI,D,2,0,0,0,-1,0,0,0,0,0,0,,19,9:26
783,Paul Szczechura,23,TBL,RW,31,4,5,9,-1,12,3,1,0,0,51,7.8,420,13:33
784,Jeff Taffe,27,PIT,C,8,0,2,2,-4,2,0,0,0,0,5,0.0,68,8:30
785,Maxime Talbot,24,PIT,C,75,12,10,22,-9,63,10,0,2,1,102,11.8,1060,14:08
786,Barry Tallackson,25,NJD,RW,4,0,0,0,-1,0,0,0,0,0,2,0.0,18,4:29
787,Henrik Tallinder,30,BUF,D,66,1,11,12,-2,36,1,0,0,1,35,2.9,1216,18:26
788,Jeff Tambellini,24,NYI,LW,65,7,8,15,-20,32,7,0,0,0,98,7.1,852,13:07
789,Alex Tanguay,29,MTL,LW,50,16,25,41,13,34,11,5,0,3,76,21.1,805,16:05
790,Nick Tarnasky,24,TOT,C,45,1,6,7,-1,50,1,0,0,0,38,2.6,330,7:20
791,Bill Thomas,25,PIT,RW,16,2,1,3,-4,2,1,0,1,0,17,11.8,152,9:31
792,Nate Thompson,24,NYI,C,43,2,2,4,-11,49,1,0,1,0,56,3.6,520,12:05
793,Chris Thorburn,25,ATL,C,82,7,8,15,-10,104,7,0,0,1,85,8.2,786,9:35
794,Joe Thornton,29,SJS,C,82,25,61,86,16,56,14,11,0,3,139,18.0,1596,19:28
795,Shawn Thornton,31,BOS,RW,79,6,5,11,-2,123,6,0,0,2,136,4.4,793,10:02
796,Viktor Tikhonov,20,PHX,C,61,8,8,16,-3,20,7,1,0,1,71,11.3,740,12:08
797,Kimmo Timonen,33,PHI,D,77,3,40,43,19,54,1,2,0,0,104,2.9,1888,24:31
798,Daniel Tjarnqvist,32,COL,D,37,2,2,4,1,8,2,0,0,0,19,10.5,542,14:40
799,Keith Tkachuk,36,STL,LW,79,25,24,49,-11,61,11,14,0,4,185,13.5,1340,16:57
800,Jiri Tlusty,20,TOR,C,14,0,4,4,0,0,0,0,0,0,22,0.0,178,12:42
801,Jonathan Toews,20,CHI,C,82,34,35,69,12,51,22,12,0,7,195,17.4,1527,18:38
802,Ole-Kristian Tollefsen,24,CBJ,D,19,0,1,1,-4,37,0,0,0,0,12,0.0,196,10:20
803,Jordin Tootoo,25,NSH,RW,72,4,12,16,-15,124,4,0,0,1,138,2.9,870,12:05
804,Raffi Torres,27,CBJ,LW,51,12,8,20,-4,23,10,2,0,6,74,16.2,617,12:06
805,Darcy Tucker,33,COL,RW,63,8,8,16,-13,67,6,2,0,1,94,8.5,889,14:07
806,Kyle Turris,19,PHX,C,63,8,12,20,-15,21,5,3,0,3,91,8.8,814,12:55
807,Fedor Tyutin,25,CBJ,D,82,9,25,34,1,81,3,5,1,0,167,5.4,1928,23:31
808,R.J. Umberger,26,CBJ,C,82,26,20,46,-10,53,17,9,0,2,234,11.1,1539,18:46
809,Scottie Upshall,25,TOT,LW,74,15,19,34,7,89,10,5,0,1,192,7.8,1080,14:36
810,Ossi Vaananen,28,TOT,D,49,1,10,11,8,22,1,0,0,0,20,5.0,878,17:55
811,Boris Valabik,22,ATL,D,50,0,5,5,-14,132,0,0,0,0,16,0.0,762,15:15
812,David Van Der Gulik,25,CGY,RW,6,0,2,2,-1,0,0,0,0,0,11,0.0,51,8:29
813,Mike Van Ryn,29,TOR,D,27,3,8,11,2,14,1,2,0,0,53,5.7,530,19:37
814,Jim Vandermeer,28,CGY,D,45,1,6,7,1,108,1,0,0,0,31,3.2,721,16:01
815,Thomas Vanek,25,BUF,LW,73,40,24,64,-1,44,18,20,2,5,211,19.0,1255,17:12
816,Stephane Veilleux,27,MIN,LW,81,13,10,23,-17,40,12,0,1,1,146,8.9,1280,15:48
817,Antoine Vermette,26,TOT,C,79,16,25,41,-7,50,12,3,1,1,174,9.2,1450,18:22
818,Michael Vernace,22,COL,D,12,0,0,0,-5,8,0,0,0,0,9,0.0,236,19:39
819,Kris Versteeg,22,CHI,RW,78,22,31,53,15,55,12,6,4,3,139,15.8,1329,17:02
820,Ryan Vesce,26,SJS,C,10,0,0,0,-2,4,0,0,0,0,11,0.0,97,9:45
821,Ivan Vishnevskiy,20,DAL,D,3,0,2,2,1,2,0,0,0,0,9,0.0,59,19:33
822,Lubomir Visnovsky,32,EDM,D,50,8,23,31,6,30,3,5,0,1,86,9.3,1151,23:01
823,Marc-Edouard Vlasic,21,SJS,D,82,6,30,36,15,42,3,3,0,1,104,5.8,1960,23:54
824,Anton Volchenkov,26,OTT,D,68,2,8,10,-10,36,2,0,0,1,79,2.5,1370,20:08
825,Jakub Voracek,19,CBJ,RW,80,9,29,38,11,44,9,0,0,1,101,8.9,1013,12:40
826,Aaron Voros,27,NYR,C,54,8,8,16,-9,122,5,3,0,1,66,12.1,604,11:11
827,Petr Vrana,23,NJD,C,16,1,0,1,-4,2,1,0,0,0,6,16.7,110,6:54
828,Radim Vrbata,27,TBL,RW,18,3,3,6,-1,8,2,1,0,0,41,7.3,256,14:13
829,Steve Wagner,24,STL,D,22,2,2,4,-5,18,2,0,0,0,16,12.5,344,15:38
830,Matt Walker,28,CHI,D,65,1,13,14,7,79,1,0,0,0,83,1.2,1081,16:38
831,Scott Walker,35,CAR,RW,41,5,10,15,-4,39,4,1,0,0,71,7.0,547,13:20
832,Tim Wallace,24,PIT,RW,16,0,2,2,2,7,0,0,0,0,17,0.0,130,8:07
833,Niclas Wallin,33,CAR,D,64,2,8,10,-1,42,2,0,0,1,53,3.8,1041,16:16
834,Ben Walter,24,NYI,C,4,0,0,0,-2,0,0,0,0,0,2,0.0,44,10:58
835,Tom Wandell,22,DAL,C,14,1,2,3,-1,4,1,0,0,0,23,4.3,156,11:09
836,Aaron Ward,36,BOS,D,65,3,7,10,16,44,2,0,1,0,53,5.7,1236,19:01
837,Jason Ward,30,TBL,RW,1,0,0,0,0,2,0,0,0,0,1,0.0,10,9:31
838,Joel Ward,28,NSH,RW,79,17,18,35,1,29,12,3,2,2,133,12.8,1265,16:01
839,Mike Weaver,30,STL,D,58,0,7,7,-3,12,0,0,0,0,36,0.0,1001,17:16
840,Mike Weber,21,BUF,D,7,0,0,0,-3,19,0,0,0,0,2,0.0,99,14:10
841,Shea Weber,23,NSH,D,81,23,30,53,1,80,12,10,1,4,251,9.2,1942,23:58
842,Yannick Weber,20,MTL,D,3,0,1,1,-1,2,0,0,0,0,6,0.0,45,15:06
843,Doug Weight,38,NYI,C,53,10,28,38,-15,55,5,5,0,0,96,10.4,969,18:17
844,Stephen Weiss,25,FLA,C,78,14,47,61,19,22,9,4,1,4,154,9.1,1389,17:48
845,Noah Welch,26,TOT,D,40,1,1,2,-9,25,1,0,0,0,22,4.5,438,10:56
846,Craig Weller,28,MIN,RW,36,1,2,3,-3,47,0,1,0,0,27,3.7,250,6:57
847,Kyle Wellwood,25,VAN,C,74,18,9,27,2,4,8,10,0,3,94,19.1,1021,13:48
848,Kevin Westgarth,24,LAK,RW,9,0,0,0,1,9,0,0,0,0,1,0.0,45,5:02
849,Blake Wheeler,22,BOS,RW,81,21,24,45,36,46,16,3,2,3,150,14.0,1109,13:41
850,Colin White,31,NJD,D,71,1,17,18,18,46,1,0,0,0,68,1.5,1350,19:01
851,Ian White,24,TOR,D,71,10,16,26,6,57,8,2,0,2,158,6.3,1622,22:51
852,Todd White,33,ATL,C,82,22,51,73,-9,24,9,12,1,0,150,14.7,1481,18:04
853,Trent Whitfield,31,STL,C,3,0,1,1,2,0,0,0,0,0,4,0.0,33,11:03
854,Ray Whitney,36,CAR,LW,82,24,53,77,2,32,17,7,0,2,219,11.0,1510,18:25
855,Ryan Whitney,25,TOT,D,48,2,21,23,-14,28,1,1,0,0,71,2.8,1146,23:52
856,Dennis Wideman,25,BOS,D,79,13,37,50,32,34,6,6,1,2,169,7.7,1947,24:39
857,Jason Williams,28,TOT,C,80,19,28,47,-4,24,12,7,0,4,153,12.4,1269,15:51
858,Jeremy Williams,25,TOR,C,11,5,2,7,2,2,5,0,0,0,21,23.8,148,13:26
859,Justin Williams,27,TOT,RW,44,4,10,14,-8,17,1,3,0,0,108,3.7,699,15:53
860,Brian Willsie,30,COL,RW,42,1,3,4,-6,14,1,0,0,0,59,1.7,495,11:47
861,Clay Wilson,25,TOT,D,7,0,1,1,-3,0,0,0,0,0,13,0.0,79,11:17
862,Landon Wilson,33,DAL,RW,27,2,6,8,5,21,2,0,0,0,34,5.9,249,9:14
863,Brad Winchester,27,STL,C/LW,64,13,8,21,-1,89,8,5,0,3,82,15.9,778,12:10
864,Jesse Winchester,25,OTT,C,76,3,15,18,0,33,3,0,0,1,115,2.6,805,10:35
865,Daniel Winnik,23,PHX,C/LW,49,3,4,7,1,63,3,0,0,0,66,4.5,641,13:04
866,Ty Wishart,20,TBL,D,5,0,1,1,0,0,0,0,0,0,2,0.0,51,10:07
867,James Wisniewski,24,TOT,D,48,3,21,24,9,30,2,1,0,0,89,3.4,953,19:51
868,Brendan Witt,33,NYI,D,65,0,9,9,-34,94,0,0,0,0,52,0.0,1320,20:18
869,Wojtek Wolski,22,COL,LW,78,14,28,42,-13,28,11,2,1,3,169,8.3,1434,18:23
870,Jeff Woywitka,25,STL,D,65,3,15,18,8,57,1,2,0,1,71,4.2,1201,18:29
871,Andy Wozniewski,28,STL,D,1,0,0,0,0,0,0,0,0,0,0,,7,6:44
872,Keith Yandle,22,PHX,D,69,4,26,30,-4,37,3,1,0,0,118,3.4,1147,16:37
873,Stephane Yelle,34,BOS,C,77,7,11,18,6,32,6,1,0,2,72,9.7,1022,13:16
874,Mike York,31,CBJ,LW,1,0,0,0,0,0,0,0,0,0,1,0.0,13,13:15
875,Travis Zajac,23,NJD,C,82,20,42,62,33,29,14,5,1,2,185,10.8,1529,18:39
876,Greg Zanon,28,NSH,D,82,4,7,11,8,38,4,0,0,1,54,7.4,1710,20:51
877,Richard Zednik,33,FLA,RW,70,17,16,33,2,46,14,3,0,4,153,11.1,1091,15:35
878,John Zeiler,26,LAK,RW,27,0,1,1,-2,42,0,0,0,0,3,0.0,177,6:33
879,Henrik Zetterberg,28,DET,LW,77,31,42,73,13,36,17,12,2,5,309,10.0,1531,19:53
880,Nikolai Zherdev,24,NYR,W,82,23,35,58,6,39,18,4,1,3,219,10.5,1380,16:50
881,Marek Zidlicky,31,MIN,D,76,12,30,42,-12,76,2,10,0,3,147,8.2,1680,22:07
882,Mike Zigomanis,28,PIT,C,22,2,4,6,-2,27,2,0,0,0,23,8.7,251,11:26
883,Ilya Zubov,21,OTT,C,10,0,2,2,-1,0,0,0,0,0,11,0.0,103,10:17
884,Sergei Zubov,38,DAL,D,10,0,4,4,-4,0,0,0,0,0,15,0.0,243,24:18
885,Dainius Zubrus,30,NJD,C/RW,82,15,25,40,6,69,14,1,0,3,130,11.5,1252,15:16